"","baseMean","log2FoldChange","lfcSE","pvalue","padj"
"AFUB_030040-T",4188.73076628411,4.62950634208737,0.196150233859044,1.86835624553105e-124,1.86891675240471e-120
"AFUB_051200-T",14015.873005459,-3.83001264444873,0.20943932385141,5.58435549598866e-76,2.79301540131873e-72
"AFUB_051170-T",10464.0365503309,-3.91133011991365,0.216461814665014,2.92379197217631e-74,9.74889703255989e-71
"AFUB_051160-T",2010.91928744976,-3.19511126586671,0.199020378116338,2.84963856138976e-59,7.12623363239544e-56
"AFUB_057820-T",1250.40027780717,-3.2373546934378,0.227123641093831,2.39967364369224e-47,4.8007870915707e-44
"AFUB_051210-T",3353.45613718134,-3.41846489952061,0.242808646366997,2.79318525525836e-46,4.65670535139157e-43
"AFUB_097110-T",426.827608808755,2.55322315953375,0.182715414040018,1.43219576028784e-45,2.04660774145133e-42
"AFUB_033520-T",485.328917838676,-2.27221209439221,0.166459314305249,1.18399612892762e-43,1.48043915970787e-40
"AFUB_078960-T",186.947069725838,-3.81111229988861,0.279664343914598,1.45063852197595e-43,1.61230412614727e-40
"AFUB_000750-T",2644.09567711843,1.94262337766344,0.151824653596576,1.21601887047972e-38,1.21638367614086e-35
"AFUB_035610-T",2665.98337579553,-2.04648924540843,0.161851689008548,7.72963402659409e-38,7.0290481061837e-35
"AFUB_079000-T",4548.72715375446,-1.50605374882395,0.12081290935878,8.83952052291314e-37,7.36847698255835e-34
"AFUB_067260-T",4396.61341708898,1.64879878158348,0.135484608827204,3.46023684483961e-35,2.66251916607159e-32
"AFUB_101630-T",360.221818486452,-2.10031773578765,0.175497900939809,3.45688389698368e-34,2.46994354439484e-31
"AFUB_047000-T",3150.23353015981,-1.93129056991013,0.162148146295203,5.43494663652608e-34,3.62438474701136e-31
"AFUB_012740-T",10872.2309519482,2.53239125100106,0.212171889512943,5.98998993618889e-34,3.74486683323109e-31
"AFUB_101770-T",220.489679437665,-2.29656415930448,0.201633136767718,2.92635354216747e-31,1.72190085190007e-28
"AFUB_084810-T",480.371561001819,2.72047374455697,0.239801505184252,5.07282536034353e-31,2.81908178219535e-28
"AFUB_057500-T",3906.2207531421,-1.63530203288097,0.152324662204559,5.06244305526867e-28,2.5565466524622e-25
"AFUB_062540-T",2914.41111871027,1.67360515953691,0.155874312328647,5.11155983697331e-28,2.5565466524622e-25
"AFUB_044920-T",2282.5351645021,-1.99028535065354,0.185910923622892,6.45715968621854e-28,3.0757603972021e-25
"AFUB_001000-T",3618.68720743604,-2.24356538047129,0.209964353274439,7.1794197690615e-28,3.26435163408737e-25
"AFUB_091710-T",1831.33466268016,-1.50283201289315,0.144046580895294,1.74569123074309e-26,7.59223886135789e-24
"AFUB_081370-T",1509.77134044292,2.00805173491427,0.19415075106521,2.80273394494999e-26,1.16815615213895e-23
"AFUB_066520-T",3463.61236966855,-1.41912358753505,0.137251268687873,3.92121378328337e-26,1.56895605896734e-23
"AFUB_013150-T",1235.24299532686,-1.56904143529472,0.154407953802492,2.2001237606011e-25,8.46455306818955e-23
"AFUB_033510-T",235.332739118547,-2.17943703865582,0.216121229773992,3.97069753471499e-25,1.47106990517608e-22
"AFUB_012090-T",2471.7305386687,-1.31417782594964,0.129997066086769,4.7047337202114e-25,1.68076612154552e-22
"AFUB_059160-T",18782.8965682615,2.08630036493053,0.2085238758495,1.03321515264734e-24,3.56387971445909e-22
"AFUB_095060-T",548.202727119253,-2.27934756575645,0.231320117311303,3.97539278376705e-24,1.32552846720073e-21
"AFUB_044960-T",349.695109308112,-2.57890886760942,0.262397443805212,5.35671683099506e-24,1.72849156324012e-21
"AFUB_090710-T",8374.26914264097,1.54540825111153,0.157526717088393,8.240409322621e-24,2.57590045169306e-21
"AFUB_049200-T",547.660047430576,-1.47205178330736,0.15050915628182,1.10389313298604e-23,3.3461342452301e-21
"AFUB_071170-T",5877.12698037006,-2.41065663913057,0.248007679915459,1.37911176440431e-23,4.05742793509892e-21
"AFUB_064440-T",3153.72140982043,1.44603165703839,0.148843512858421,2.23015629908575e-23,6.37378670278709e-21
"AFUB_041930-T",16823.1841344204,2.8714422662241,0.299568964021029,4.64073070998318e-23,1.28947859144338e-20
"AFUB_071080-T",896.406410500303,1.52919096240288,0.159368927710367,6.70210070625364e-23,1.81192198282852e-20
"AFUB_091980-T",3492.8815196824,-1.56206167473208,0.163237735477147,8.1066333416784e-23,2.13396456096866e-20
"AFUB_041190-T",5490.82808437228,1.27403584352335,0.133429093390363,1.27114484309124e-22,3.26032355524145e-20
"AFUB_034220-T",458.920222700989,-2.51163529296559,0.265221648386951,1.57909249447684e-22,3.94891555556296e-20
"AFUB_091080-T",1042.3687310342,-1.7484696952657,0.185126311865762,2.50635137428898e-22,6.11488604805188e-20
"AFUB_066530-T",1997.22844395014,-1.37965065020005,0.146160854119149,3.15738976944449e-22,7.51984996756029e-20
"AFUB_030770-T",5185.4304676135,-1.50554815947622,0.159923439733617,3.73080186215235e-22,8.6788862853744e-20
"AFUB_090520-T",171.874133869512,-2.36427608045397,0.252972763270725,5.94581583888485e-22,1.35172717809921e-19
"AFUB_096890-T",2246.50808472676,-1.31134389687784,0.139310349476615,7.7324929129538e-22,1.71884725796171e-19
"AFUB_085740-T",2302.69885823524,-1.44182717425852,0.154611314422566,8.88809458233214e-22,1.93277413276236e-19
"AFUB_036970-T",1630.59408621653,1.43229290158323,0.154217265519531,1.33895649835974e-21,2.84969826661543e-19
"AFUB_001120-T",1183.72736092606,1.32099024951633,0.143256279832706,2.68507213950145e-21,5.5955784607152e-19
"AFUB_034310-T",1023.99868930496,-1.4072278685852,0.15339289825122,3.83787909195609e-21,7.83475603200749e-19
"AFUB_057610-T",12746.8635538055,-1.39174945458037,0.153416428501247,1.0802339591029e-20,2.16111605858126e-18
"AFUB_095110-T",1622.65349691349,-2.67997641961356,0.297663432053066,1.18635287268507e-20,2.32687995793505e-18
"AFUB_049170-T",708.322970032981,-1.62551245271869,0.180162446980436,1.27436947892898e-20,2.45144574956281e-18
"AFUB_047180-T",3014.97216428005,1.87912152008076,0.20888213575489,1.36080738341697e-20,2.56833136911698e-18
"AFUB_081340-T",20913.4691018976,1.59802113889507,0.176904228814436,1.45323812893442e-20,2.69198907476501e-18
"AFUB_028939-T",2610.11691346677,-1.57346045144551,0.175740075650939,2.58034252053273e-20,4.69293931507071e-18
"AFUB_078940-T",960.584499901754,-1.74453910521974,0.197938037923354,8.33240243089517e-20,1.48837538421865e-17
"AFUB_087020-T",109.676312211613,-2.8638609640813,0.327558893754336,1.16035808525641e-19,2.03632665382804e-17
"AFUB_017820-T",4829.24285777547,-1.29236896795167,0.14718168282411,1.2251007171574e-19,2.09869140856487e-17
"AFUB_091820-T",1271.61546987411,-2.07663093981444,0.237177071582833,1.23785657408105e-19,2.09869140856487e-17
"AFUB_000770-T",7403.83232314861,1.66311417109647,0.190113200910343,1.60257548640397e-19,2.67176043174982e-17
"AFUB_053780-T",7645.69017873936,-1.36403297471,0.156092364993893,2.02313443301342e-19,3.31760880875955e-17
"AFUB_047540-T",338.932211408505,10.5103152360776,1.31164680753797,2.36277315696631e-19,3.81206772405387e-17
"AFUB_075570-T",3593.29240586924,1.93075219163153,0.222772281062707,2.88647919498967e-19,4.58308752182249e-17
"AFUB_092260-T",1694.71805378789,-1.53997070786814,0.178480374241762,4.69723065941739e-19,7.34162473221127e-17
"AFUB_062360-T",383.005137969237,-1.47811554008333,0.171741552609683,6.15776716218921e-19,9.47632998821211e-17
"AFUB_066140-T",966.460517305239,-1.31276078685145,0.152450306099718,6.38455162168163e-19,9.67646513207293e-17
"AFUB_098860-T",4127.72242232492,1.11099529940308,0.131025439757913,2.50318708957079e-18,3.73722096372785e-16
"AFUB_061480-T",1514.14636608097,-1.73552848575152,0.206594830665262,2.72181804443905e-18,4.00387439684173e-16
"AFUB_036980-T",9014.60758899037,1.02171273148581,0.12078748946132,3.36236601208294e-18,4.87445611867618e-16
"AFUB_013900-T",4557.15462205937,-1.15926633717226,0.137687114672184,3.86289576307655e-18,5.52007804543639e-16
"AFUB_030020-T",3427.96711232575,1.40647389393096,0.167544754261724,4.30886101767177e-18,6.0706389802494e-16
"AFUB_077580-T",1213.82633090861,-1.13269296152447,0.134726718627335,4.47991970892033e-18,6.22397734004583e-16
"AFUB_047340-T",1720.77076742853,-1.35372646894912,0.161809881493956,5.08831609421685e-18,6.97238710828097e-16
"AFUB_082990-T",4050.43528939224,-1.21978679107557,0.146033343777276,6.40404955910543e-18,8.59778501654661e-16
"AFUB_020250-T",270.081431858522,1.74948700805145,0.210433183777745,6.44640484095767e-18,8.59778501654661e-16
"AFUB_052780-T",1284.74657850418,-1.43109981565223,0.171855795238283,6.59991904516197e-18,8.6867092379941e-16
"AFUB_071930-T",1740.54147662314,1.75541122852779,0.211469277671676,7.29132379278989e-18,9.47209245445159e-16
"AFUB_071750-T",66.1182103957035,-3.55831814247511,0.431780339420235,1.2133755671629e-17,1.55607638440135e-15
"AFUB_057280-T",2247.46983074272,-1.21685283875089,0.147244112173854,1.35210822499274e-17,1.7120428575446e-15
"AFUB_100400-T",1459.73674567545,-1.21137998771008,0.147400898246008,1.99871195796696e-17,2.48494315381089e-15
"AFUB_001310-T",29111.3441667969,1.33802768478092,0.163185866983089,2.01972369760679e-17,2.48494315381089e-15
"AFUB_067250-T",3078.89750179868,1.18940162707347,0.144610227800756,2.0370422734429e-17,2.48494315381089e-15
"AFUB_075310-T",946.260060957685,-1.45038384504723,0.17723398921152,2.2364714025422e-17,2.69535222164212e-15
"AFUB_079180-T",238.183606639855,-2.05432684385129,0.253832207397137,3.5811938539676e-17,4.26460501443309e-15
"AFUB_081360-T",1737.18831828351,2.23696311852933,0.276636138326566,3.72966860333536e-17,4.38916176931337e-15
"AFUB_096340-T",1855.99727670821,-1.54005947082057,0.190132468917282,4.0796668331924e-17,4.74522178283995e-15
"AFUB_047020-T",2219.66350868512,1.50504514331037,0.186084417175208,4.79625882372195e-17,5.5145950590449e-15
"AFUB_081350-T",725.930472628738,2.24867223795533,0.279368594334704,4.96974101830348e-17,5.64912720523747e-15
"AFUB_028290-T",877.564852358732,1.53364288736755,0.191491993807679,9.19852872607763e-17,1.03385261625792e-14
"AFUB_063290-T",2035.2181040092,-1.60010399103304,0.200332729696713,1.00306065000599e-16,1.11484618688999e-14
"AFUB_098350-T",28457.9125076471,1.23658445187581,0.156222311810839,2.35935016476939e-16,2.5934702965042e-14
"AFUB_062280-T",107.992539649778,-2.2466683526885,0.287332965012305,3.54568320755415e-16,3.85515968751784e-14
"AFUB_062330-T",4773.59753963239,-1.2159794394039,0.15494833824701,4.21233602357359e-16,4.53075239180716e-14
"AFUB_040390-T",5894.70990974955,-1.39709739533669,0.177710638784812,5.43855346028322e-16,5.78743087906522e-14
"AFUB_084710-T",294.570466032017,-1.49190456712391,0.192436878859888,7.17892355282348e-16,7.5590286630414e-14
"AFUB_057810-T",167.854650253038,-1.71495818909614,0.221772922426884,7.48302684903862e-16,7.79715808030555e-14
"AFUB_077890-T",9269.99570798883,-1.71384373282269,0.222145680589853,8.30061467323349e-16,8.55990191508811e-14
"AFUB_041050-T",538.478194833693,-1.14919796458995,0.148222060444387,9.2714363264044e-16,9.46348750745135e-14
"AFUB_050140-T",194.289838064049,1.88482698924665,0.24475657741649,9.45038319212832e-16,9.49329705309658e-14
"AFUB_050130-T",1989.50673885165,1.29059795711356,0.166870624116549,9.49044991812114e-16,9.49329705309658e-14
"AFUB_003760-T",124.071071615249,-2.60044011027814,0.339871505991811,1.14325586328664e-15,1.1322760792531e-13
"AFUB_009810-T",2606.77457939566,-1.69669748983058,0.221615639656058,1.31166000114153e-15,1.28632695994301e-13
"AFUB_036280-T",3221.1878815877,-1.38315990959326,0.180482460554449,1.51067505942316e-15,1.46711481741844e-13
"AFUB_071180-T",3962.1752740999,-1.35789481559872,0.177779392665466,1.86108142147453e-15,1.79003821721247e-13
"AFUB_102210-T",267.073368159645,-1.3412382090678,0.175966553102693,2.14857430222641e-15,2.04687511858769e-13
"AFUB_093540-T",6096.64796904366,-1.08524550172369,0.14205122253354,2.33278281595618e-15,2.20139872717073e-13
"AFUB_041330-T",859.214641332804,1.38570951970689,0.182276611571941,2.47217706657333e-15,2.31113899036757e-13
"AFUB_097500-T",1270.62859132206,-1.2480814832356,0.164784206146364,3.32220809303557e-15,3.07704144024396e-13
"AFUB_079160-T",6094.45814275185,1.74182109602107,0.231572176134122,3.83725788384509e-15,3.48946278291841e-13
"AFUB_074610-T",1100.27435910644,1.62592227932283,0.219241191969804,8.50765589102159e-15,7.66685422323324e-13
"AFUB_087010-T",137.136252496254,-2.23138969993489,0.302467259763633,1.05766356886748e-14,9.36266254812517e-13
"AFUB_101760-T",284.754721074927,-1.51332180520375,0.205102135717083,1.22106348759112e-14,1.07142965494509e-12
"AFUB_057850-T",5940.26877542375,-1.44848960044102,0.197432552130358,1.70771027683377e-14,1.47260568096278e-12
"AFUB_056540-T",4346.84947066614,1.54679436473836,0.211116764524705,1.77897400127396e-14,1.52094674655926e-12
"AFUB_079760-T",422.583997522879,-1.24396493387222,0.16980434006905,2.21268937142379e-14,1.87572303240273e-12
"AFUB_097090-T",7739.85202686909,1.55162537319736,0.214308809529312,3.4161891802618e-14,2.87160843446713e-12
"AFUB_060880-T",301.248946953335,-1.96112117051649,0.272906320238555,4.06882008687094e-14,3.39170061074750e-12
"AFUB_074720-T",5673.4407075842,2.36981334471024,0.330446523825656,4.87716595536795e-14,4.03192488029303e-12
"AFUB_078970-T",7392.84630403469,-1.21105020398605,0.168749365189949,6.75439551137323e-14,5.53805068034971e-12
"AFUB_101090-T",349.966719616295,-2.11695878254337,0.298724749957403,7.90081522369868e-14,6.32254837461263e-12
"AFUB_080570-T",3588.80090973162,-1.06179555444518,0.147939592251642,7.99063153703294e-14,6.34367359245559e-12
"AFUB_100280-T",2498.54182402604,-1.29052550800738,0.180453117193337,8.12603390753574e-14,6.40014353202933e-12
"AFUB_029480-T",3561.13269292254,-1.66381560598289,0.2342111466824,8.18972680295665e-14,6.40014353202933e-12
"AFUB_034090-T",217.060464217299,1.53253298615951,0.215629434230495,8.99696220877997e-14,6.9764816259245e-12
"AFUB_100120-T",78365.4143972838,1.76255629318902,0.249963196811468,1.16382863510354e-13,8.95521372072364e-12
"AFUB_056430-T",17103.0703557614,1.19954731675934,0.1687672782557,1.17943824280194e-13,9.00604636850976e-12
"AFUB_004490-T",497.315995204534,-1.13249885704508,0.159745407861576,1.39087554217457e-13,1.05400970063426e-11
"AFUB_081390-T",84.9231566212494,-2.15945306427003,0.307189177336101,1.41475137566774e-13,1.06404195569958e-11
"AFUB_100110-T",7390.45235251276,1.15720503105589,0.16336946736984,1.47050686114744e-13,1.09772239791476e-11
"AFUB_081229-T",1004.65566319678,-1.18716401236006,0.167991856162547,1.49221014732963e-13,1.10567245212876e-11
"AFUB_013930-T",2840.64473465817,-1.38034256454668,0.197868255374254,2.41445144921391e-13,1.77586454753579e-11
"AFUB_057620-T",531.23255886433,-1.37221467655456,0.197323551001932,2.90252868172762e-13,2.11926966447601e-11
"AFUB_022420-T",2383.45741403466,1.16014963703771,0.166199056833891,3.05335129199761e-13,2.21323717201827e-11
"AFUB_097240-T",413.680164227409,-1.67707529873298,0.242322159746305,3.09648436963549e-13,2.22835490283912e-11
"AFUB_097230-T",1822.47349575971,-1.50300598290015,0.216948154626682,3.19446274029662e-13,2.28244362794194e-11
"AFUB_017650-T",1476.11479840852,-1.27027816485,0.183180650421323,3.65167425382241e-13,2.59061684829685e-11
"AFUB_053180-T",1127.53469404356,-1.38870066045261,0.200756527393676,3.70715642060507e-13,2.61145673769806e-11
"AFUB_092170-T",433.614168584295,-1.2268612267602,0.177075589926115,3.98494628139541e-13,2.78751172397191e-11
"AFUB_017260-T",3985.65573230326,-1.83287883322562,0.267404574004347,4.51046781628531e-13,3.11160065974496e-11
"AFUB_060430-T",1717.0007651318,-1.38229401945422,0.200825729004687,4.70793152905068e-13,3.22557801952698e-11
"AFUB_010610-T",8281.05009949579,-1.21242922415197,0.176113535238042,5.63688740326031e-13,3.8357676663138e-11
"AFUB_096950-T",98.9358293122593,-1.93171466093652,0.283347580454969,6.14301021539331e-13,4.15192778274185e-11
"AFUB_009640-T",502.036057866353,-1.49831817305762,0.21940311820889,6.39238829879716e-13,4.29148054717235e-11
"AFUB_049180-T",892.408013220971,-1.39431711400716,0.204354618526493,7.1997348235593e-13,4.80126316267091e-11
"AFUB_066690-T",743.467091853821,-1.21544782370264,0.177680209967281,7.46548639221426e-13,4.9455139325377e-11
"AFUB_001910-T",11303.3098152376,-1.0591390783787,0.154414899081263,7.72028642580357e-13,5.08065954719165e-11
"AFUB_030480-T",414.51030611218,2.1846289154197,0.322972667364218,7.88558793140408e-13,5.15552523384542e-11
"AFUB_003120-T",379.768023557954,-1.32267935120082,0.194233243408104,8.48658410746296e-13,5.51242213162026e-11
"AFUB_077850-T",62828.7010932179,-1.0203095176461,0.150313204223874,8.76404797953524e-13,5.63122886073087e-11
"AFUB_072390-T",30864.1856550384,-1.37218796476377,0.20194323437592,8.78208239802075e-13,5.63122886073087e-11
"AFUB_100910-T",83.6169450274591,3.49287155749509,0.520426610205112,1.03416639227123e-12,6.58305013139374e-11
"AFUB_041040-T",444.550065409742,-1.79806373362645,0.266833826470104,1.03980997776688e-12,6.58305013139374e-11
"AFUB_034150-T",1005.51999719559,-2.8432980026376,0.424579175756294,1.07411778851862e-12,6.75748442676212e-11
"AFUB_041340-T",659.209534759789,1.30470443086569,0.192696786728988,1.12701684235335e-12,7.04596842128783e-11
"AFUB_019040-T",1000.27633747556,1.33803289940087,0.197943081451146,1.20586823315651e-12,7.49211176165504e-11
"AFUB_002270-T",1102.16942335309,1.0872976019958,0.160498962423442,1.39064269964514e-12,8.58678945959899e-11
"AFUB_017590-T",192.562775476536,-1.38851445687407,0.206644024366892,1.46377102195246e-12,8.98288437582237e-11
"AFUB_097100-T",138.983400138936,2.3662030272301,0.356255813073821,1.80396272808382e-12,1.09363873751651e-10
"AFUB_081630-T",229.950503455282,1.99810248889801,0.30025993372992,1.84768553957681e-12,1.11339749713174e-10
"AFUB_030390-T",1964.49453330134,1.70939515784117,0.256958208162715,2.00085124271839e-12,1.19847395095282e-10
"AFUB_048010-T",1091.61910637312,-1.05280802155723,0.15682004040203,2.15749418356809e-12,1.28460799513283e-10
"AFUB_054470-T",127.986037779165,-1.50332286886923,0.22591818759579,2.19694358026043e-12,1.30035660552338e-10
"AFUB_005210-T",2126.75800999175,-2.50748993219485,0.380961357075497,2.38503042387608e-12,1.39822107717625e-10
"AFUB_091700-T",2798.39432129409,-1.23562742604603,0.184095319752808,2.39024096968049e-12,1.39822107717625e-10
"AFUB_091990-T",1881.74462204477,1.33585337009554,0.200866131161306,2.51969940931608e-12,1.46538099949935e-10
"AFUB_034690-T",53324.300325536,-1.26052825728878,0.190135669622362,2.96038166134954e-12,1.70187918152181e-10
"AFUB_081150-T",66.1211978275325,-2.12445955015344,0.323353337894435,3.1996856386194e-12,1.82894031103485e-10
"AFUB_015100-T",750.484147439213,-1.3264853884029,0.20146363923586,3.85560175012401e-12,2.19134001741423e-10
"AFUB_067310-T",5325.41187030155,1.19771665521123,0.181586071786963,4.29380080422286e-12,2.42660392342606e-10
"AFUB_055920-T",4220.3259991103,1.02384703249323,0.154971475079003,4.72114628800166e-12,2.63905719281318e-10
"AFUB_041670-T",914.169391874205,-1.67947615402433,0.258355348711036,5.35071007512218e-12,2.97350849341373e-10
"AFUB_066350-T",698.434258159146,1.79150042452743,0.27629310621164,5.94866287968115e-12,3.28754004339506e-10
"AFUB_035180-T",2028.23736346186,-1.84832518608798,0.285565003413786,6.01829962315987e-12,3.30775006211363e-10
"AFUB_020080-T",627.849796706995,-1.13673984061556,0.173898077841446,6.35331824900325e-12,3.47280013359451e-10
"AFUB_026700-T",18069.4153422522,-1.31779228254038,0.203065428397554,6.68768734438689e-12,3.63570307097294e-10
"AFUB_029400-T",11625.3843444118,1.20875425541349,0.186022865971767,7.30812894551903e-12,3.95152507254199e-10
"AFUB_062030-T",940.152952151541,-1.21701733803537,0.187663013477361,8.23503209932951e-12,4.42876484352651e-10
"AFUB_002520-T",3225.19160279369,1.12539642448923,0.173323106864911,9.0851944781034e-12,4.85985028686996e-10
"AFUB_064910-T",9878.60483669274,-1.28692056061809,0.199507023471004,9.51416395056233e-12,5.06224372326995e-10
"AFUB_075510-T",139.464354989737,-1.93230482242071,0.302121257106988,9.9398640042526e-12,5.2607650600285e-10
"AFUB_100130-T",3980.14461751234,1.12881164522358,0.174424148328613,1.01810484070742e-11,5.36005406399807e-10
"AFUB_085520-T",437.838646226621,-1.51803824564392,0.237676028065271,1.2415912180806e-11,6.49360482104902e-10
"AFUB_035480-T",356.142059963889,1.37645982262986,0.214937837786779,1.24639820617956e-11,6.49360482104902e-10
"AFUB_012310-T",12405.6542646653,-1.42021270332448,0.222649234256111,1.33174750158535e-11,6.90231619604055e-10
"AFUB_045240-T",455.162519489618,-1.48559779814317,0.232908055881374,1.34235473940290e-11,6.92143013311714e-10
"AFUB_066680-T",824.576585113934,-1.23497192609274,0.192724541769326,1.35370430650494e-11,6.92559367766385e-10
"AFUB_091740-T",2914.36000756975,-1.1443219624488,0.177172381021684,1.3570092580447e-11,6.92559367766385e-10
"AFUB_000660-T",6412.20135384016,1.24102250051837,0.194059944241607,1.51129424344869e-11,7.67384584630319e-10
"AFUB_038550-T",5796.01768174158,1.01068975859728,0.15710795098293,1.54855444254727e-11,7.82332832767696e-10
"AFUB_061260-T",4955.60048571456,1.27731222182383,0.20014670863391,1.58601982515783e-11,7.97233985480091e-10
"AFUB_049370-T",264.511314004691,1.81157087197373,0.286202215334484,1.59852741505431e-11,7.99503486639415e-10
"AFUB_098850-T",3205.3869857563,1.02279622378428,0.159720521394327,1.81926519829872e-11,9.01144595408887e-10
"AFUB_096840-T",2484.78951310419,-1.37213973367899,0.216394228174461,1.81976615288009e-11,9.01144595408887e-10
"AFUB_016770-T",2346.56282807362,1.03647356021928,0.162825877471584,2.28549021253826e-11,1.12619500473006e-09
"AFUB_025700-T",722.610685838645,-1.79770038041014,0.286796827053302,2.29842251041362e-11,1.1270157044935e-09
"AFUB_028280-T",59127.52507054,1.07623660158106,0.169218367740339,2.69553833057892e-11,1.31529121564785e-09
"AFUB_100920-T",911.396067417439,1.15289334457055,0.182979686348377,3.04331403017811e-11,1.47778010892581e-09
"AFUB_062270-T",223.84161114816,-2.24663299409912,0.36287903962808,3.32956455241478e-11,1.60454401888402e-09
"AFUB_099080-T",576.125157302425,-1.0186940237917,0.161454952778178,3.33645062409154e-11,1.60454401888402e-09
"AFUB_031560-T",6400.15543086338,1.08479410630533,0.172452941212419,3.54749088939561e-11,1.69787327113035e-09
"AFUB_082460-T",11089.2057495294,-1.17058606559995,0.187357110948066,4.01962524484463e-11,1.91468149162766e-09
"AFUB_030340-T",551.093775209283,1.16333145632916,0.186152591968338,4.10159985907992e-11,1.94446935499414e-09
"AFUB_079140-T",308.391970874449,1.15421659337006,0.184688798556827,4.20155890356353e-11,1.97315463438244e-09
"AFUB_010190-T",1479.7310698048,-1.03226835834663,0.164824966489275,4.32098610033351e-11,2.01975812904841e-09
"AFUB_006530-T",992.766741228159,-1.02125394420432,0.163285816007383,4.66327369307857e-11,2.16961519776116e-09
"AFUB_046180-T",3080.62185541575,-1.89198332998278,0.308230587421991,5.08033300993402e-11,2.35271162492454e-09
"AFUB_018360-T",3376.66667987663,-1.91096182212626,0.311699327744803,5.25304844221685e-11,2.42148587868641e-09
"AFUB_073820-T",5936.12377932561,-1.24460049452271,0.201505921747093,5.85564332399089e-11,2.67461187990323e-09
"AFUB_081040-T",973.13760407733,-1.3219765602003,0.214704232287762,6.22014898983762e-11,2.81539141834144e-09
"AFUB_040790-T",2964.05459540623,-1.27935380567443,0.207705642042255,6.26705131812385e-11,2.82384298807175e-09
"AFUB_082790-T",188.766665530233,1.2887028821998,0.209336060301691,6.76878216208755e-11,3.03623892230322e-09
"AFUB_071070-T",1073.43053984111,1.2069761008131,0.196815159666372,8.26639248043296e-11,3.69110783380901e-09
"AFUB_044980-T",90.8486832502209,-1.76740203022206,0.290552816750415,8.47025643884959e-11,3.74902544946073e-09
"AFUB_034070-T",312.568857357007,1.48113496633119,0.243879875362009,9.58467915870474e-11,4.20506779054928e-09
"AFUB_095440-T",9858.95698313174,1.18513525861272,0.19421865599391,1.10259481095545e-10,4.79532864955971e-09
"AFUB_033030-T",465.766594390861,-1.21381824194538,0.200029439638919,1.20253007121667e-10,5.20731961142007e-09
"AFUB_045170-T",9426.16276011319,1.09860534159731,0.180699276670033,1.24428458177524e-10,5.3649045997835e-09
"AFUB_086690-T",352.425792591491,-1.54860030784923,0.257855993921224,1.33593738243188e-10,5.73535692552193e-09
"AFUB_016830-T",4310.09393753167,-1.37630256898994,0.228681146286365,1.39582520875034e-10,5.96685451415799e-09
"AFUB_032890-T",868.858610511367,-1.78379810933074,0.298352621174181,1.41493368686915e-10,6.02280071053282e-09
"AFUB_054490-T",208.471186624405,-1.43806418764314,0.239440223000139,1.44182447626169e-10,6.11125857459564e-09
"AFUB_050810-T",339.703441215277,1.5202341688234,0.254785569201271,1.78765969725078e-10,7.48199161154793e-09
"AFUB_081190-T",65.1742532594218,-2.34031281850334,0.395461230711855,1.80691373208012e-10,7.49981662323544e-09
"AFUB_060940-T",2608.31820541223,1.25532824633572,0.209412663965632,1.85545140770742e-10,7.66945472367658e-09
"AFUB_034080-T",877.345153088629,1.20056460830032,0.200122770114,1.89018665007702e-10,7.78087944885616e-09
"AFUB_041370-T",9261.50377548303,1.55394543202845,0.261118228541648,1.95066696618038e-10,7.99693510766488e-09
"AFUB_036580-T",871.286484221284,1.11216055410076,0.185189395345951,2.01002189584111e-10,8.18615115850022e-09
"AFUB_008340-T",3892.66246686343,1.10175305757992,0.183205572617337,2.01318922822259e-10,8.18615115850022e-09
"AFUB_015090-T",10280.3536684958,-1.06221093778991,0.177436976326076,2.26720266298183e-10,9.1817118371689e-09
"AFUB_079380-T",234.023775753053,1.34498273777285,0.226794227692609,2.50747139396003e-10,1.01138049813638e-08
"AFUB_051300-T",2660.5971833623,1.0830627432716,0.182417592237767,3.16047239769347e-10,1.26964680297702e-08
"AFUB_022910-T",564.285216712785,-1.01685691739991,0.171704319540806,3.67485870130265e-10,1.46452635813269e-08
"AFUB_061440-T",603.12562501251,-1.11247907279672,0.188522006599735,3.73625214698203e-10,1.48308453278814e-08
"AFUB_034110-T",593.153886025276,1.0638434339711,0.180027201425383,3.82938473143304e-10,1.51404488017884e-08
"AFUB_081210-T",12658.7674544597,-1.54647452004327,0.266476497649488,4.52420529791544e-10,1.77473041549208e-08
"AFUB_083070-T",1092.17104998593,-1.37668102668453,0.23640325077182,4.55378730563135e-10,1.77935681321212e-08
"AFUB_071810-T",158.146674142917,-1.65425770061315,0.285352252651803,4.65377246395163e-10,1.81134964812872e-08
"AFUB_071780-T",427.5982206018,-1.49905214267608,0.259110091854839,5.3588839730638e-10,2.06968789121842e-08
"AFUB_033970-T",501.553687221624,-1.45132244281043,0.25182896390432,6.22907683055743e-10,2.38733546115195e-08
"AFUB_081100-T",164.646642861539,-1.30249452552291,0.225628547924862,6.64408263358974e-10,2.51745297665902e-08
"AFUB_092000-T",1712.53175729356,2.11068333758105,0.370219256533753,6.73244191360379e-10,2.54130628157656e-08
"AFUB_092010-T",1303.20039294026,1.09892799107698,0.18935736589086,6.98385747993359e-10,2.62629798390134e-08
"AFUB_011090-T",529.244755880669,1.28547891982485,0.223118572018863,7.25913455889941e-10,2.70944488778622e-08
"AFUB_048380-T",250.962060670858,1.15084370713711,0.199059854003902,7.49416558390886e-10,2.78662560750281e-08
"AFUB_005390-T",3657.72796477686,-1.10603675973954,0.192345479376486,7.79994147492856e-10,2.8790706484764e-08
"AFUB_048250-T",3173.93027578104,-1.19353624809974,0.207462907577119,8.08321284489578e-10,2.96177209111694e-08
"AFUB_028810-T",248.478971971003,-1.35745105006727,0.237347948644929,8.57053457164122e-10,3.12887070511413e-08
"AFUB_025290-T",759.32400157399,-1.03923931487005,0.180061461614592,8.73807887746003e-10,3.17843647313573e-08
"AFUB_099540-T",841.884282432448,-1.1607074780224,0.202005879818348,8.84252261085194e-10,3.2047736839258e-08
"AFUB_045860-T",1647.45057411874,1.38381029390559,0.242310749233579,9.16518269619927e-10,3.30972283429896e-08
"AFUB_101660-T",387.571674440044,-1.50279866301048,0.264422215931523,9.42234856860212e-10,3.39035081768802e-08
"AFUB_025490-T",2109.2736776092,-1.5268060702897,0.270088701911808,1.10808116473985e-09,3.94453234551344e-08
"AFUB_060870-T",160.454628584046,-1.8201201582079,0.323386453618182,1.11966537299513e-09,3.97163571846465e-08
"AFUB_056180-T",19671.5437218424,1.46037014134493,0.256340111265264,1.14354261245595e-09,4.04199885243705e-08
"AFUB_035460-T",3779.21750979113,1.1737877073343,0.2062259616987,1.23031198126097e-09,4.33338406639208e-08
"AFUB_033500-T",392.731159002129,-1.22321981209283,0.215792127408248,1.29396648749334e-09,4.52571565538318e-08
"AFUB_049870-T",1371.67533841253,1.05400368965525,0.184814890994039,1.32516981698654e-09,4.61870163042383e-08
"AFUB_035030-T",490.945638239809,1.30899188910012,0.23183657339151,1.40434643799622e-09,4.86078803435161e-08
"AFUB_016700-T",212.131305409305,-1.60303037859277,0.286459622275042,1.51170315306443e-09,5.2143333241736e-08
"AFUB_087980-T",4380.20096776223,1.61242145378726,0.288439154241939,1.58436108619677e-09,5.44617317705372e-08
"AFUB_096090-T",10790.454968794,1.25953689574735,0.222064170680425,1.61731599367523e-09,5.54041502901826e-08
"AFUB_003350-T",3114.38211300569,1.35444338888073,0.242021145866509,1.80736809122406e-09,6.1703423264554e-08
"AFUB_100050-T",242.31956747305,-1.14305334774516,0.203367999830932,1.85227686545466e-09,6.30215152555885e-08
"AFUB_029250-T",519.270670433831,1.57379073807047,0.283162497099348,1.92256179380061e-09,6.51911377063984e-08
"AFUB_047640-T",2070.31778492069,-1.58835612146054,0.286611246435439,2.01845700953056e-09,6.82115725213994e-08
"AFUB_097080-T",584.930945456408,1.21835959300277,0.218002498581245,2.11605248273538e-09,7.12689326087611e-08
"AFUB_067200-T",4428.69913166705,1.1390126242033,0.203619382830902,2.28407766104741e-09,7.66463207420392e-08
"AFUB_084160-T",649.284592293049,-1.14975592168301,0.204703031453152,2.30772919780789e-09,7.6691744736453e-08
"AFUB_063700-T",28335.2027091322,-1.59277070299713,0.291478119312838,2.47220100302715e-09,8.18855186532469e-08
"AFUB_052960-T",490.399964264196,-1.14246407400145,0.205520526470137,2.65600003654379e-09,8.76830639126981e-08
"AFUB_024180-T",253.203810752171,-1.08610390063933,0.195244051145781,2.75149177898749e-09,9.05367508724074e-08
"AFUB_010200-T",3148.91625647743,-1.2586271247508,0.22767879164207,2.79712244070947e-09,9.17364451620224e-08
"AFUB_094780-T",38392.3888038545,1.38748769713247,0.251490795626399,2.81793220150737e-09,9.21169144172491e-08
"AFUB_087440-T",583.609738600576,-1.13583515654359,0.205180580488406,3.07535754049571e-09,9.9879225576554e-08
"AFUB_049380-T",93.7068496546406,1.78011125285538,0.326290296595937,3.17927798093162e-09,1.02920121822845e-07
"AFUB_056870-T",1304.94106611497,-1.13172673518098,0.204712558743313,3.19954546902626e-09,1.03091041490626e-07
"AFUB_034100-T",583.07906481823,1.07658027121433,0.1941640614305,3.20516983940665e-09,1.03091041490626e-07
"AFUB_044910-T",523.648458624042,-1.07082106649184,0.193685321203717,3.43052115994341e-09,1.09985587060622e-07
"AFUB_013920-T",1658.20077567567,-1.12910264820563,0.204748789964696,3.46354134438747e-09,1.1068946986552e-07
"AFUB_003600-T",206.288616966353,-2.10423776839608,0.389255018977523,3.5557037675577e-09,1.13272945181145e-07
"AFUB_056320-T",1168.95509673945,-1.0430719951012,0.18889945255636,3.71826124534041e-09,1.17701795054241e-07
"AFUB_044990-T",2688.81862919067,-1.06618950130303,0.1939122625011,4.1019581868166e-09,1.29438131680525e-07
"AFUB_017760-T",2321.16520899687,1.09781651538319,0.199795026670612,4.13496166283679e-09,1.30069250042001e-07
"AFUB_035360-T",1433.08196353089,1.6482194631495,0.304250345761714,4.19212981840468e-09,1.31454152268031e-07
"AFUB_072520-T",1480.8781159533,1.01720982558923,0.18480609046212,4.36314236318447e-09,1.3638910330917e-07
"AFUB_006040-T",1029.19843002014,1.14791969363318,0.210684315735708,5.0240665604361e-09,1.55110301864328e-07
"AFUB_024680-T",926.063299246958,1.01519664225923,0.185565945085256,5.24726905224307e-09,1.61502868706423e-07
"AFUB_090480-T",435.270613567257,-1.2923624633906,0.238913235014707,5.35000449966776e-09,1.63775655763232e-07
"AFUB_034130-T",753.508564793681,-1.00059148346341,0.183083185956505,5.35385778612185e-09,1.63775655763232e-07
"AFUB_064960-T",156.365022809586,1.38690774636751,0.257054564763455,5.39524061685426e-09,1.64538389909735e-07
"AFUB_042120-T",1030.28445751244,-1.70704496961794,0.318858455746582,5.43528903544745e-09,1.65255915567115e-07
"AFUB_100070-T",471.805314835899,1.03923211594488,0.190591381877086,5.59539484310019e-09,1.69095874971393e-07
"AFUB_034050-T",857.89788886988,1.06039375930738,0.194860671181694,5.82342754839745e-09,1.75457065562107e-07
"AFUB_093810-T",3390.95955365648,1.07226485369939,0.19757597508024,6.18940293676316e-09,1.835847741939e-07
"AFUB_099260-T",4222.24636811292,-1.84967553137753,0.347857042491791,6.19143877396460e-09,1.835847741939e-07
"AFUB_101100-T",154.108117437262,1.37435189962809,0.256034391445185,6.47684522304907e-09,1.9111469842525e-07
"AFUB_031120-T",3382.12666614937,-1.38990290821539,0.26061687199545,6.93011758879445e-09,2.03888136002091e-07
"AFUB_012320-T",5455.61743566301,-1.45503456495848,0.270824179514881,7.14204199250523e-09,2.09506879915043e-07
"AFUB_020800-T",806.879893800056,-1.19871815795547,0.2232494233972,7.25116503493599e-09,2.12085976153405e-07
"AFUB_090700-T",4496.94022080895,1.51604757771026,0.285471162476472,7.97616819442299e-09,2.31262638982067e-07
"AFUB_060890-T",767.366995031584,-1.05892892822732,0.197556735532866,8.86590237580436e-09,2.54843739842445e-07
"AFUB_045630-T",216.397200856953,-1.83489888908696,0.349237982262811,9.08096121658576e-09,2.60277521631826e-07
"AFUB_017580-T",384.886958052592,-1.37418775071351,0.259747285026517,9.54053295222697e-09,2.72668431774647e-07
"AFUB_095570-T",2522.21999709462,-1.3427495542654,0.254269610832078,1.02025075423511e-08,2.9075693147048e-07
"AFUB_071320-T",121.755305909413,-2.07152585382774,0.398107559732543,1.04741519063696e-08,2.97650402043793e-07
"AFUB_071740-T",144.427263311436,-2.1682934783505,0.417595602398533,1.15467974593521e-08,3.26278573406495e-07
"AFUB_032960-T",212.162869082193,-1.32277545047893,0.251659731999492,1.2094070269746e-08,3.39822991315364e-07
"AFUB_005710-T",568.777244527975,1.09134880947417,0.205915550689573,1.2147031810949e-08,3.40355067800906e-07
"AFUB_067020-T",5411.06601444914,1.31808021672152,0.251316445805342,1.31768958304158e-08,3.65120468120911e-07
"AFUB_013940-T",2921.05518999872,-1.62286509416524,0.312879440229287,1.39470275597405e-08,3.84330899945136e-07
"AFUB_071760-T",260.983427362917,-1.75896003326643,0.340175091709341,1.45998283958683e-08,4.00115297106494e-07
"AFUB_071820-T",331.807009904608,-1.39232237285778,0.267425213027561,1.48514558231671e-08,4.05899214751751e-07
"AFUB_102350-T",275.175468055337,-1.00364368053448,0.190500098708427,1.59615012925474e-08,4.33866569101498e-07
"AFUB_096480-T",414.26877563263,1.05739203951215,0.201423273587737,1.6635692678807e-08,4.50967029447444e-07
"AFUB_006060-T",670.39521803424,1.39020289039482,0.268049825834155,1.67715150342526e-08,4.53420175371968e-07
"AFUB_091490-T",2319.4388397453,-1.06224074362989,0.203116246075033,1.75616523449806e-08,4.73501909452402e-07
"AFUB_095250-T",1751.02220196596,-2.1533265664433,0.423487149739139,1.93857257656632e-08,5.18490413994462e-07
"AFUB_007960-T",7579.25327275129,-1.17168859233874,0.226622875916847,2.16200873831322e-08,5.7517482471668e-07
"AFUB_018560-T",2564.81707793061,-1.60627053834353,0.314746916351649,2.19293767216383e-08,5.80316283985576e-07
"AFUB_078250-T",2966.69888097775,-1.24652178205211,0.241958364751487,2.21653260007004e-08,5.85012548773103e-07
"AFUB_028190-T",4895.7260363803,1.02792510740296,0.197671129570165,2.28612488003218e-08,6.00212786744407e-07
"AFUB_003610-T",77.9044358586413,-1.47910865153871,0.289335613278126,2.32570964383248e-08,6.090071614465e-07
"AFUB_060700-T",214.72127355026,1.28899394310919,0.251170202123524,2.42290140903097e-08,6.32801117350829e-07
"AFUB_096290-T",2241.67809481565,1.12206394974694,0.217600663383063,2.52348690381897e-08,6.53949209816092e-07
"AFUB_101080-T",1122.60558462863,-1.15495473553245,0.224921230457708,2.6594968760106e-08,6.87414657641707e-07
"AFUB_067100-T",5351.40475873363,1.16877937626983,0.229156596772714,2.90631109171352e-08,7.46994933927238e-07
"AFUB_096020-T",167.678351311426,1.79816882411953,0.357590166484942,3.07373587727409e-08,7.8435153011155e-07
"AFUB_057450-T",611.448037798534,-1.01334295435487,0.197254155655823,3.1425435526422e-08,7.99869291528752e-07
"AFUB_041580-T",448.802378813383,1.15712628299051,0.22670125504393,3.21343733884059e-08,8.15837911178233e-07
"AFUB_092420-T",1286.0839153069,-1.13813378335222,0.22316657447171,3.27964460716283e-08,8.26354786031481e-07
"AFUB_071440-T",522.723014286051,-1.38228080690259,0.27388080590739,3.42482207366472e-08,8.60766211127341e-07
"AFUB_086210-T",248.96080001349,1.29567507372471,0.257788102504865,4.16343983880367e-08,1.03342155601869e-06
"AFUB_091300-T",5789.4275604456,1.05354409034639,0.20750000955854,4.20123304506732e-08,1.04022114232199e-06
"AFUB_079150-T",357.962209426492,1.07528071864025,0.212394596197345,4.40107078544892e-08,1.08701014979865e-06
"AFUB_081240-T",176.539905067362,1.2354670747957,0.246825348303764,4.971121764341e-08,1.21579782417367e-06
"AFUB_024030-T",199.088748416527,1.22319761886156,0.244903003405162,5.3387385865975e-08,1.29935284870401e-06
"AFUB_071880-T",1096.72674927923,-1.41650743986016,0.286984378173211,5.85597316193526e-08,1.39678199832486e-06
"AFUB_098700-T",4265.7598287159,1.16296113782048,0.233632985079195,6.08485405261524e-08,1.43783824568723e-06
"AFUB_021130-T",871.51761723832,-1.1041147047833,0.221387269357166,6.10897985021568e-08,1.43783824568723e-06
"AFUB_068940-T",89.7375085477644,1.71765764040456,0.352343789978044,6.90071474644773e-08,1.62037205654264e-06
"AFUB_095010-T",1632.15915161749,-1.24697321289702,0.253585720899967,7.44990402427132e-08,1.73305558034386e-06
"AFUB_101390-T",8581.31493911111,1.73619442391547,0.356616549767914,7.77511637701252e-08,1.80451250856743e-06
"AFUB_056340-T",3757.20591508129,-1.65584342696094,0.341924812616314,7.88056839804799e-08,1.8247529093906e-06
"AFUB_076970-T",2635.07682923693,1.14720592955018,0.232409442401211,8.16791483192073e-08,1.88257262819592e-06
"AFUB_034590-T",122.641389171005,-1.14042075234946,0.231582181528494,8.18796832349444e-08,1.88285625609e-06
"AFUB_083200-T",3556.38997110759,-1.01591148763465,0.205800178379983,8.86779723765852e-08,2.02521862484699e-06
"AFUB_068720-T",5325.63866043403,1.52398844197376,0.316283806698295,8.913346859494e-08,2.02787516633076e-06
"AFUB_091890-T",1273.27405758518,-1.00839605169245,0.204937772757831,9.74399126198135e-08,2.20518426682352e-06
"AFUB_101880-T",309.871956999081,1.30937688767573,0.269830483386608,9.97369244128269e-08,2.25207326162869e-06
"AFUB_004489-T",6541.52324471405,-1.01964181399756,0.208811827843259,1.0990491146028e-07,2.45397060119907e-06
"AFUB_090490-T",248.766426967247,-1.20952239405192,0.249959726494485,1.1689547889848e-07,2.59845661204776e-06
"AFUB_084750-T",10336.4271491592,-1.59625471981079,0.335327003534229,1.23877738242431e-07,2.7354282905939e-06
"AFUB_060830-T",2338.55882528978,-1.06296430396492,0.219500031362387,1.3267033754204e-07,2.91670634380885e-06
"AFUB_035650-T",1361.70817067108,-1.21361218937922,0.25243694326613,1.33654411936934e-07,2.93189711097621e-06
"AFUB_062550-T",3538.6016485363,1.41267258789921,0.295872922559604,1.36503755480412e-07,2.98784915989183e-06
"AFUB_080430-T",201.656856542082,-1.63808151534683,0.345808822870045,1.38206375298805e-07,3.01193545122865e-06
"AFUB_071430-T",61.0138517416217,-2.69741621982168,0.579138660551224,1.51206916739464e-07,3.25974738824323e-06
"AFUB_032720-T",1672.61402238047,-1.3555745811208,0.285131770078125,1.51646015061791e-07,3.26218298637225e-06
"AFUB_082510-T",177.765028080178,1.37821538660548,0.289867530220546,1.5253397742025e-07,3.27424329642653e-06
"AFUB_077880-T",113.218726974504,-1.9702501724003,0.420206340702654,1.54447541197307e-07,3.30822003125624e-06
"AFUB_000350-T",192.33162095247,-1.10369354349853,0.229641340244942,1.5531598736302e-07,3.31971329400061e-06
"AFUB_034230-T",522.734133754126,1.09319654852755,0.227972913025655,1.65974528975406e-07,3.51746443504447e-06
"AFUB_096520-T",2529.83381558131,-1.53542106948609,0.326543588340911,1.7186066650388e-07,3.63450792185689e-06
"AFUB_047950-T",1536.27068516555,-1.04712522765233,0.218443483866413,1.7353961964668e-07,3.6622717622906e-06
"AFUB_071310-T",238.474002872663,-1.1427129953331,0.240078384221248,1.83706194661766e-07,3.8605316495833e-06
"AFUB_011080-T",2200.86598224626,-1.25126440897687,0.264793862794487,1.91283645394008e-07,3.99459353836379e-06
"AFUB_051330-T",2576.07680071322,-1.14476920726335,0.241135327410261,1.93137957915603e-07,4.02491456881204e-06
"AFUB_012300-T",6922.41040243431,-1.28487608303278,0.272302179288059,2.03880948848433e-07,4.23996077199765e-06
"AFUB_059560-T",906.164547398678,-1.33788717281206,0.284910231439069,2.04692580807209e-07,4.24800806185583e-06
"AFUB_045800-T",286.433650239176,-1.04154847305699,0.219100456143858,2.12843918839333e-07,4.40802840610734e-06
"AFUB_022920-T",7169.29368641262,-1.44555190997415,0.309755580184801,2.15497586829527e-07,4.44458218774383e-06
"AFUB_039130-T",834.301123917919,1.11287571241114,0.235118828455776,2.19958381871656e-07,4.52725039889337e-06
"AFUB_030140-T",6907.38697770996,1.52889546831183,0.328761418437811,2.32247557515577e-07,4.741167995568e-06
"AFUB_046860-T",258.456130691877,-1.35263568697129,0.2899245751036,2.36589577790426e-07,4.81339157805845e-06
"AFUB_076790-T",257.671354829373,1.11777492064077,0.237046142910835,2.36747841288089e-07,4.81339157805845e-06
"AFUB_034560-T",1425.4654803255,-1.14617408746996,0.245370744257765,2.79015991352677e-07,5.5931802835688e-06
"AFUB_101110-T",158.4579320581,1.13199943561539,0.242169552368585,2.89220428413272e-07,5.76309152473696e-06
"AFUB_065540-T",8297.22208612681,1.27387203421967,0.274486540620752,2.94563505909424e-07,5.85401943672869e-06
"AFUB_000260-T",3221.03833737118,-1.66600544197349,0.36475392122477,3.01958467034028e-07,5.96934890462725e-06
"AFUB_092400-T",215.914988334255,-1.03499646805047,0.222887663436605,3.65446198592745e-07,7.08441535760315e-06
"AFUB_088710-T",353.981213310678,1.10896981357693,0.240561710598092,4.05191373679974e-07,7.77951883094201e-06
"AFUB_066310-T",270.404848462703,-1.08858622462291,0.236130520388454,4.06550302101531e-07,7.79065645961996e-06
"AFUB_079330-T",432.110514614818,-1.11734961680469,0.242964999678971,4.09066743261811e-07,7.82389031137265e-06
"AFUB_035090-T",5500.52237778294,1.17584377448748,0.256519422544683,4.2611716614382e-07,8.088140442005e-06
"AFUB_102050-T",12730.6054095197,1.25351305294956,0.275050716569596,4.48688807713874e-07,8.48437456249883e-06
"AFUB_032950-T",92.3638175786112,-1.35521300570605,0.299420149519189,4.63512367931334e-07,8.66638171292921e-06
"AFUB_059550-T",5030.02646687877,-1.18202959441432,0.260010668066493,4.98968015270091e-07,9.20860991769785e-06
"AFUB_036550-T",69.6723422620356,-1.50184079182196,0.334370073269756,5.00916550409284e-07,9.20860991769785e-06
"AFUB_046850-T",1412.59862413361,-1.1694594001828,0.257478440591868,5.01718724897064e-07,9.20860991769785e-06
"AFUB_009650-T",141.601822113801,-1.26273815322176,0.280130427595284,5.35545571814129e-07,9.81146951438962e-06
"AFUB_050080-T",530.961873414482,-1.65999822238241,0.374593377498039,5.68917425519619e-07,1.03659034744494e-05
"AFUB_018520-T",1857.87973068906,-1.2284780554661,0.273033954583351,5.74061264116677e-07,1.04216602993813e-05
"AFUB_088360-T",87.5919836716327,-1.28343679147343,0.285607599817732,5.82474503895938e-07,1.05365750125635e-05
"AFUB_014040-T",1216.42089751248,-1.00880383764185,0.221937619743087,6.07491197417877e-07,1.09490710770649e-05
"AFUB_056570-T",212.228930888849,1.22750815470935,0.274294424100221,6.59774127377215e-07,1.17852153502755e-05
"AFUB_099430-T",168.128938576486,-1.73043937789615,0.394317270001165,6.74438203108422e-07,1.20256779780634e-05
"AFUB_100770-T",573.107063632029,-1.01242429136569,0.22389550649164,6.76365372827246e-07,1.20385815380622e-05
"AFUB_033630-T",234.314535218898,-1.39077247356668,0.313963859973639,6.80823137931358e-07,1.20749536324953e-05
"AFUB_097510-T",28148.4096577005,-1.02267928435853,0.225731215305737,7.03051165448864e-07,1.24471164743097e-05
"AFUB_067190-T",6403.12830520494,1.02779912985745,0.228105483375916,7.16691148590585e-07,1.26438475473574e-05
"AFUB_081250-T",203.093913745564,1.21467989809367,0.27521760636229,8.89539065627326e-07,1.52887616382649e-05
"AFUB_084910-T",122.244405829707,1.27357823739175,0.290110411170943,9.41427429658709e-07,1.60529779854576e-05
"AFUB_020060-T",2969.62673928943,-1.12389962966667,0.254484188792938,9.42027199586486e-07,1.60529779854576e-05
"AFUB_071195-T",933.476728390084,-1.01787682871981,0.228981356281509,9.5181245934014e-07,1.61921429094888e-05
"AFUB_091770-T",6567.21116938789,1.61357531922759,0.373080308968418,1.03811384596004e-06,1.74819070726233e-05
"AFUB_081720-T",432.00378167187,1.11076865840716,0.253285548775708,1.13548640174553e-06,1.88675589313298e-05
"AFUB_086820-T",103.227397018965,-1.22135900129945,0.280333507106519,1.13890713651628e-06,1.88930150689425e-05
"AFUB_004500-T",2285.73179946029,-2.83264350200267,0.678016765943801,1.20931961572496e-06,1.98634221939192e-05
"AFUB_025460-T",370.630669686546,-1.37100799335902,0.318587656556736,1.2268372754829e-06,2.01181201092712e-05
"AFUB_083960-T",167.78306684074,1.38428153558279,0.321905891222133,1.25496801227406e-06,2.05121650764337e-05
"AFUB_049750-T",20.6965072132406,-2.31747972466458,0.543781151475628,1.2774639380857e-06,2.0845794082661e-05
"AFUB_090290-T",523.956596100592,1.05254740849863,0.242339741773179,1.47710071986181e-06,2.39472260952636e-05
"AFUB_072350-T",3731.83087624354,-1.06469239260947,0.245797595422233,1.49261437396029e-06,2.41595818490692e-05
"AFUB_033730-T",4148.48529684635,-1.24305953681182,0.291400377429481,1.50337426601579e-06,2.42944309902358e-05
"AFUB_070810-T",1301.82974228903,-1.43943538545643,0.339948198705203,1.56975844864856e-06,2.52854972010169e-05
"AFUB_048030-T",95.413223303765,1.19540883863764,0.278274504058683,1.60705852670629e-06,2.57618692991074e-05
"AFUB_050380-T",2147.68386330892,-1.151947408753,0.268739861875458,1.63489429093136e-06,2.61243571760166e-05
"AFUB_071450-T",1755.44638922574,-1.11206919663342,0.258910957196492,1.65391010493578e-06,2.63776075736111e-05
"AFUB_017400-T",360.631123194558,1.22311728730739,0.286561964776711,1.68187890048671e-06,2.67044994310612e-05
"AFUB_060770-T",1355.5230209781,-1.07209225520222,0.249495036788516,1.72960333969923e-06,2.74145030119443e-05
"AFUB_089980-T",3185.97586000372,-1.1974472294032,0.281122559286728,1.7320769672647e-06,2.74145030119443e-05
"AFUB_100160-T",1783.54290253153,1.02106295165735,0.237483118317309,1.8471788894218e-06,2.9098158158876e-05
"AFUB_014310-T",2337.08578835598,-1.0010244643872,0.232777558299651,1.87970007328906e-06,2.95174879640667e-05
"AFUB_078930-T",258.288245203242,-1.06562088312657,0.248957324317183,1.89164192253352e-06,2.96584547822928e-05
"AFUB_022500-T",551.046606527916,-1.20074403054864,0.28329160543341,1.92252399960847e-06,3.00484493251306e-05
"AFUB_047090-T",931.465430108402,-1.17510236631489,0.276902842888412,1.92707093737706e-06,3.00725282161977e-05
"AFUB_027130-T",243.697289671423,-1.22256581473597,0.288807465224042,1.95770804327322e-06,3.04556042874992e-05
"AFUB_057300-T",3240.92415200973,-1.39338241036453,0.332885452465847,2.00800726600759e-06,3.10930289193095e-05
"AFUB_007400-T",81.9437070771261,1.57516170238136,0.378138303221524,2.06433723120603e-06,3.19158660336228e-05
"AFUB_068800-T",76336.8863894166,-1.06987319548246,0.250161185483371,2.12187856627883e-06,3.27311612199356e-05
"AFUB_100850-T",846.582301029802,-1.17738667521835,0.279533710841258,2.21579719875462e-06,3.40470343765629e-05
"AFUB_019290-T",1564.4556125257,-1.25663826034833,0.300242666665298,2.25343593737056e-06,3.45193256991083e-05
"AFUB_071940-T",237.284450389169,1.69152861826259,0.410592820359206,2.27855345044484e-06,3.47975117019844e-05
"AFUB_032420-T",6592.55371045525,-1.10340747973396,0.263055614688062,2.6005379392801e-06,3.91972354279612e-05
"AFUB_031320-T",2591.97044645251,-1.0474287276484,0.248737032378787,2.60191585765933e-06,3.91972354279612e-05
"AFUB_028730-T",4270.59326853749,1.01557034564635,0.240223770059199,2.61555962460791e-06,3.93435231954179e-05
"AFUB_086630-T",1373.37024144082,-1.29059725869878,0.312436059773178,2.81993395145314e-06,4.22272444856074e-05
"AFUB_061710-T",132.060453586147,1.21851895909735,0.29356588687406,2.87543502191696e-06,4.2929815707814e-05
"AFUB_096350-T",636.677946380607,-1.1042585600438,0.264848339126997,2.89572185196273e-06,4.31682648065323e-05
"AFUB_082930-T",3157.06750736716,1.14641774684649,0.275483888788928,2.92559878418517e-06,4.35309910345914e-05
"AFUB_077860-T",77.4316240984927,-2.2632355179478,0.564712355174978,2.92875706950715e-06,4.35309910345914e-05
"AFUB_020260-T",1910.10849189613,1.06999847515101,0.255984310657086,2.96744073514784e-06,4.40405188036853e-05
"AFUB_065550-T",429.943751529269,1.06413758757354,0.255253455601795,3.12260455378305e-06,4.57326696215107e-05
"AFUB_088010-T",112.455493376106,1.14171042395353,0.275142408723518,3.13282513082298e-06,4.5815277461436e-05
"AFUB_066630-T",1470.53307522048,-1.11952842025752,0.271671997487943,3.49490796597976e-06,5.06660353386891e-05
"AFUB_082720-T",3286.72436869701,-1.47057770673359,0.364940125573508,3.69223559302195e-06,5.33720124812118e-05
"AFUB_017510-T",563.861085141762,-1.1088569850027,0.269981852626889,3.77102904068648e-06,5.44323282741513e-05
"AFUB_097280-T",1330.22960481488,-2.88983466219226,0.744076673554902,3.99749842962263e-06,5.73701245215426e-05
"AFUB_068950-T",3344.59063655988,-1.06464129437039,0.260253619944812,4.27448212883312e-06,6.07352908163604e-05
"AFUB_015630-T",1795.30706936905,-1.02835122239107,0.251563095031123,4.5349464456723e-06,6.39817620536813e-05
"AFUB_080830-T",66.4012937433215,-1.7105720694785,0.434288856243542,4.75126739092899e-06,6.67513029655375e-05
"AFUB_036040-T",5869.99486969889,-1.25675557864163,0.31383421587448,4.87688723378827e-06,6.82286755238938e-05
"AFUB_013060-T",6196.86259523278,-1.17637139677487,0.292790660180585,4.9904613099787e-06,6.96228514417251e-05
"AFUB_020030-T",1044.53604997639,-1.44310609974515,0.364707294690372,5.05287861354408e-06,7.03954662552666e-05
"AFUB_076370-T",5000.79842005473,-1.19291216443547,0.298178140625662,5.14795456581929e-06,7.16202914073579e-05
"AFUB_013330-T",1618.71022805571,-1.05747681757836,0.261590255870711,5.27304498369593e-06,7.30557741993219e-05
"AFUB_022580-T",1857.37913868043,-1.13874963489159,0.284815112916665,5.69021436492291e-06,7.82220616072055e-05
"AFUB_090810-T",236.986897911509,1.0625498637565,0.263818250408122,5.6928582275363e-06,7.82220616072055e-05
"AFUB_033700-T",686.302008160481,-1.48543405344857,0.37922941503755,5.77692623724915e-06,7.9159716645484e-05
"AFUB_037930-T",3553.78736201373,1.01087530867455,0.250223704790273,5.86397711561006e-06,7.99573498048482e-05
"AFUB_021840-T",1185.72696288801,-1.13195137116996,0.284135149918253,6.13561088885465e-06,8.31239993408389e-05
"AFUB_088740-T",4350.84860528422,-1.09276638977165,0.273420760342786,6.14102351323077e-06,8.31239993408389e-05
"AFUB_070800-T",491.777962310733,-1.05682702609836,0.2640749944146,6.24963889174745e-06,8.42522073236519e-05
"AFUB_077870-T",330.988339493651,-2.98362627809609,0.792514439751713,6.28748938207772e-06,8.46483933902066e-05
"AFUB_041130-T",53.7987938277561,-1.88965589672869,0.490630707224474,6.38420409217117e-06,8.58349375456831e-05
"AFUB_075400-T",1192.42043341258,1.0240702076619,0.255498510486315,6.58466636298663e-06,8.82927850254092e-05
"AFUB_049660-T",160.209434255469,1.26304867274623,0.321069490405914,6.76740072166758e-06,9.04471891722871e-05
"AFUB_073960-T",3115.2679163862,-1.14080119371525,0.288587187128082,6.77246273018525e-06,9.04471891722871e-05
"AFUB_000120-T",342.91938320011,1.22094327739912,0.309990462233352,6.78970987275066e-06,9.05566238094998e-05
"AFUB_059900-T",2100.52334585159,-1.31463982372757,0.337030615871151,7.05227735412137e-06,9.39333293918457e-05
"AFUB_061170-T",2390.46660914228,-1.39372891159582,0.359277769635922,7.13166578827161e-06,9.44874872583854e-05
"AFUB_054220-T",15624.9458884514,-1.11856964590845,0.284152827389293,7.36580241077875e-06,9.73794029391483e-05
"AFUB_062970-T",3589.08132519509,-1.01109957673511,0.254251312113048,7.37158901792518e-06,9.73794029391483e-05
"AFUB_052270-T",13672.8250614632,-1.1323909031457,0.287391464651253,7.42674516254047e-06,9.78784345993312e-05
"AFUB_025450-T",498.780719796559,-1.16813289456485,0.297869252169288,7.57632869402082e-06,9.94567138140292e-05
"AFUB_021280-T",1805.15183110127,1.20643460123984,0.308057587264504,7.60120121905695e-06,9.96524453397466e-05
"AFUB_012550-T",1991.14489053204,-1.40996123434413,0.36643393005035,8.03764499943402e-06,0.000104552097437371
"AFUB_090790-T",12887.6546404753,-1.18597971512987,0.305060518492609,8.66056841352848e-06,0.00011221718373125
"AFUB_080740-T",2978.85174723772,-1.22714486453623,0.317434990641081,8.80965516557925e-06,0.000113707071769405
"AFUB_091610-T",2268.42452418196,-1.00071356374443,0.254492237677126,9.03164589051195e-06,0.00011600880203336
"AFUB_047630-T",62.15279790429,-1.44899202031028,0.379474337489492,9.034375365789e-06,0.00011600880203336
"AFUB_066300-T",144.547223948629,-1.08195477687729,0.277128454584239,9.15380580878205e-06,0.000117391691673393
"AFUB_002370-T",2909.83157842825,-1.41227089300782,0.371911649756466,9.7531205424348e-06,0.000123641927510416
"AFUB_088870-T",3294.2796773013,-1.11605040140015,0.288426996574595,9.88533107065125e-06,0.00012485223068147
"AFUB_091900-T",4686.83468037595,-2.54928597755963,0.697975362871168,1.06660569021228e-05,0.000132867456029806
"AFUB_092430-T",571.859273741152,-1.00465873690521,0.258587917407045,1.09112387485747e-05,0.000135752638310937
"AFUB_074150-T",1992.09794149293,-1.13630741660018,0.296498371070797,1.11727457191056e-05,0.000138661259836493
"AFUB_091040-T",3234.25221634176,-1.33473371034245,0.353507621973859,1.13609222164992e-05,0.000140021182443362
"AFUB_064660-T",1889.95580280962,-1.34533056753853,0.356593057901315,1.13646613703611e-05,0.000140021182443362
"AFUB_084420-T",260.983789516592,1.19790985857047,0.313900602829186,1.13663101213646e-05,0.000140021182443362
"AFUB_046340-T",316.554951715267,-1.29392354448893,0.342198445340825,1.1675662980224e-05,0.000143655174404896
"AFUB_079700-T",64.8860092946629,-1.52582828858261,0.409388555370748,1.2476751957872e-05,0.000152015773245547
"AFUB_038030-T",1830.41486855735,-1.01744074837436,0.265626685725728,1.32578506755419e-05,0.000160360677518073
"AFUB_090600-T",197.075617225724,1.14685164359158,0.302404255680106,1.32780240559643e-05,0.000160410718154361
"AFUB_020690-T",30314.9407840805,-1.2285424282852,0.326805729888075,1.33185232191095e-05,0.000160705895971957
"AFUB_094550-T",11099.4086417511,-1.27995230687896,0.343338047931257,1.43052250118247e-05,0.000170554428835855
"AFUB_101360-T",1765.10455327015,-1.13359207421867,0.300925137171789,1.43854550848691e-05,0.000171103100135488
"AFUB_017340-T",1150.80534227999,1.22846289386317,0.328377143181959,1.48503542616427e-05,0.000176213634257665
"AFUB_006610-T",1465.8357610475,-1.16485678774978,0.311564010341372,1.55291464378195e-05,0.000182107915378087
"AFUB_029950-T",5987.74677062792,-1.11386903197647,0.296753216900076,1.55473641680037e-05,0.000182108060623584
"AFUB_091100-T",1031.73843209923,-1.00365468271471,0.265069942035293,1.61168889217361e-05,0.000187680139562429
"AFUB_010180-T",2820.04517188519,-1.26683474849174,0.343568940414094,1.68640607641082e-05,0.000194793533283342
"AFUB_070790-T",368.71832845455,-1.01741445055759,0.270275374623621,1.7248427963841e-05,0.000197635767379497
"AFUB_099640-T",96.3797992072145,-1.20201663133284,0.325584255696268,1.84037660892418e-05,0.000209282451416414
"AFUB_009980-T",6033.44031089338,-1.25854361933446,0.343834046874616,1.88241294977127e-05,0.000212765838831209
"AFUB_072010-T",257.957634604565,-1.09536878408595,0.295151987188486,1.9072588669557e-05,0.000215330817676725
"AFUB_034740-T",27183.463984334,-1.38560470693112,0.383481303877535,1.91082852637918e-05,0.000215490617242062
"AFUB_101250-T",178.067104056106,-1.03468839047014,0.27791667800663,1.97533955221987e-05,0.000221268998217865
"AFUB_094610-T",16971.2112279275,1.44362166824073,0.397145605827508,2.05016358391284e-05,0.000228881543860269
"AFUB_037680-T",2678.24065174579,-1.06340733392985,0.288798273958324,2.19914497187895e-05,0.000242002718962653
"AFUB_042680-T",1854.89611764232,-1.06483632550116,0.289428695710811,2.22620197408122e-05,0.000244710970843235
"AFUB_086120-T",15622.6789962985,1.03919590135573,0.280997298160363,2.24535708724816e-05,0.000246063138411962
"AFUB_039790-T",2903.272618388,-1.12190654238327,0.307998402383876,2.35891790591451e-05,0.000256481041444161
"AFUB_044020-T",300.75706804561,-1.00125208055387,0.271942208434816,2.42912566183003e-05,0.000262971255360236
"AFUB_051190-T",3217.76980901652,-1.00551944346914,0.273759950012633,2.51175764340647e-05,0.000270453301474649
"AFUB_047400-T",110.527645915939,1.11390092517765,0.30604510039215,2.52979822183751e-05,0.000271519008723612
"AFUB_101290-T",979.871120000369,-1.01977370741289,0.278928168238683,2.59313798208697e-05,0.000276549886409234
"AFUB_000270-T",1561.58879081723,-1.21411563541724,0.338338664459543,2.60946313103736e-05,0.00027798146645119
"AFUB_092550-T",52.1932351955263,-1.45147036962994,0.411125575121911,2.65713839909984e-05,0.000282458612180614
"AFUB_021510-T",1596.45893983359,1.06036324168379,0.292114014947143,2.77584415393609e-05,0.000292898407930619
"AFUB_017280-T",1205.9277040564,-1.06065769188033,0.2930763326169,2.80815120461106e-05,0.000295372623551256
"AFUB_071960-T",60.9604546455128,-1.23200948523603,0.34489297745123,2.82703212819914e-05,0.000296967124743092
"AFUB_078210-T",35.741205560242,1.5094836628247,0.428421990722698,2.82924792442434e-05,0.000296967124743092
"AFUB_004710-T",4027.67973485471,-1.30484993862614,0.368968342466892,2.87691344970267e-05,0.000300678501274101
"AFUB_052390-T",1253.0168019485,-1.29852395961281,0.367978228883298,2.9806054513265e-05,0.000310249701660967
"AFUB_045500-T",101.28665230567,-1.160785141681,0.325231927144928,3.01524270789949e-05,0.000313203248256683
"AFUB_087490-T",39.7832157954202,-1.76641751018888,0.514623137961295,3.2483399376561e-05,0.000332276575377885
"AFUB_047300-T",8895.11043560288,-1.01170450403449,0.283452650654129,3.27118020739206e-05,0.000333442802893852
"AFUB_022660-T",2274.80263681966,-1.30771403988415,0.374668403420044,3.38389758195958e-05,0.000343297439273242
"AFUB_063370-T",2183.49824158318,-1.37917454314611,0.398845942723943,3.42239805874518e-05,0.000346500483619717
"AFUB_047250-T",2508.51986418176,1.00137712846345,0.278845756238759,3.49327926815923e-05,0.000352250731042306
"AFUB_101950-T",46.4823974145439,-1.38841242549675,0.402181575944007,3.75428239100571e-05,0.000375165701870431
"AFUB_043190-T",994.629510834258,-1.0269214814552,0.292127678527458,3.81976413152025e-05,0.000380568731151365
"AFUB_094040-T",1560.74498179638,-1.12216159582272,0.321002117565777,4.07244367178257e-05,0.000400951319378357
"AFUB_010590-T",2399.2907503886,-1.3058411675726,0.380378136760871,4.16495055636851e-05,0.000408050934528445
"AFUB_050290-T",3200.21706004904,-1.3993037011336,0.410539318124026,4.1722555848025e-05,0.000408366659635806
"AFUB_034350-T",32.5623509603716,1.92998112770861,0.575757193583835,4.30342564996912e-05,0.000419154496364567
"AFUB_076040-T",20324.7686265915,-1.19336772377902,0.345875173201812,4.43086632505517e-05,0.000429060560014781
"AFUB_071690-T",1218.2496102361,1.11654478897205,0.321065141931995,4.51149159443076e-05,0.000435602803273078
"AFUB_007700-T",1785.4450936637,1.09807138246768,0.315892375848382,4.64440434940167e-05,0.000448003632662149
"AFUB_089220-T",2705.57194514134,-1.02559285883305,0.294135728385847,4.80548262091675e-05,0.00046104378187444
"AFUB_096060-T",1813.91283236208,-1.00523080839791,0.287917977447742,4.89612092291805e-05,0.000466881769227352
"AFUB_079750-T",12.6395746701509,-2.82200569256112,0.845391694028199,5.01081277944207e-05,0.000475551804864887
"AFUB_033000-T",393.859517775298,1.14625280816557,0.333497356435728,5.01760723327949e-05,0.000475745262127912
"AFUB_054070-T",3826.67842207094,-1.06446563506864,0.308531222712522,5.18344772582439e-05,0.000489151203786994
"AFUB_005180-T",5133.50349667536,-1.03352919239944,0.298767808909981,5.24195095597665e-05,0.000494205800307582
"AFUB_047720-T",878.743520944313,-1.5193327638836,0.459474396908706,5.43414519862895e-05,0.000509444746221982
"AFUB_087450-T",29.3307393027244,-2.09132585218412,0.64577037065511,5.61010319632307e-05,0.000522959653825869
"AFUB_080580-T",73.5636976382352,-1.21761198728619,0.360713299148768,5.71708389512796e-05,0.000530009177043235
"AFUB_050600-T",456.875698446679,-1.13592393735857,0.334520315204821,5.7410321777785e-05,0.000530966760483327
"AFUB_087730-T",27.3584060758275,-1.70941380580076,0.521495116095918,5.74387564019498e-05,0.000530966760483327
"AFUB_022970-T",2773.21685788091,-1.18029990546262,0.349476464332333,5.74803922301309e-05,0.000530966760483327
"AFUB_077090-T",1849.10455199433,-1.08522570328185,0.318731081984474,5.91848530406444e-05,0.000543143197216115
"AFUB_087500-T",126.310548323822,-1.13584470001873,0.335428879947001,6.01288311699097e-05,0.000550795511165391
"AFUB_075870-T",2565.63251911539,-1.35070621046687,0.406284717670168,6.04559403437635e-05,0.000553147674941504
"AFUB_084920-T",134.949648578641,-1.13287076649628,0.334774309954251,6.05515049546083e-05,0.000553147674941504
"AFUB_012060-T",3540.32069889093,-1.20467538155081,0.360777633288795,6.28372271339527e-05,0.000569348535345044
"AFUB_069990-T",538.710905663229,-1.42328697854919,0.433278059359795,6.30290914995418e-05,0.000570570137800829
"AFUB_090630-T",147.374276811314,-1.18937571987947,0.355337292476785,6.43054712478447e-05,0.000581598217804874
"AFUB_096730-T",521.846142886395,-1.0378052256385,0.305233098072695,6.45548173770603e-05,0.000583213243116237
"AFUB_005660-T",3525.015250738,-1.36189197992806,0.415925569747274,6.82881122563376e-05,0.000609354136396204
"AFUB_092830-T",90.5859770591211,-1.30710429750036,0.397005788769172,6.86044947920039e-05,0.000611087053788437
"AFUB_096490-T",810.060764159134,1.01878097390229,0.30012468034391,6.94118334056102e-05,0.000617728264729821
"AFUB_070250-T",5158.08213248155,-1.14594393644244,0.343770388086161,6.99485878127045e-05,0.000621399399547499
"AFUB_000490-T",2102.3025407155,-1.17859602816432,0.355109609046248,7.05826849383109e-05,0.000625920742409507
"AFUB_064590-T",2181.84533179938,-1.13176073996655,0.339220238092617,7.0670019801407e-05,0.000626140131154539
"AFUB_028510-T",2253.47776119,-1.0797400307844,0.323169945746614,7.32613711436782e-05,0.000643966164806865
"AFUB_033140-T",1397.0336947114,-1.04233795524146,0.31162307249731,7.75385405566323e-05,0.000676804556010465
"AFUB_002590-T",2366.30699040769,-1.05302446239983,0.315960354847687,7.94586310457927e-05,0.000691753425893006
"AFUB_064630-T",2579.8423097924,-1.07756589094883,0.324792103681107,8.08340909618e-05,0.000702505136308328
"AFUB_009860-T",2436.00531691642,-1.27565795204694,0.394434946593431,8.47931692943583e-05,0.000730565092550789
"AFUB_065730-T",78.6086948093154,1.16690604613497,0.35627345176321,8.59672452365343e-05,0.000739407011264878
"AFUB_037650-T",78.9645341682176,-1.29017102756818,0.399199226635451,8.65785551906189e-05,0.000742748960181613
"AFUB_075800-T",32.7584023993969,-1.72433554706016,0.547517129290787,8.72341388399488e-05,0.000746452601211299
"AFUB_099370-T",7626.70030792099,-1.07670272554637,0.326113086405652,8.77462833720959e-05,0.000749552581187938
"AFUB_057560-T",3582.7607655697,1.1327715817786,0.345661085663835,8.81766008828028e-05,0.000751944193206033
"AFUB_081180-T",26.07292717688,-1.73006585053244,0.550280702539773,9.03907819874326e-05,0.000767554322767648
"AFUB_090410-T",3573.84459303673,-1.03951753045895,0.316105133257384,9.44073080387003e-05,0.000798947802293671
"AFUB_091500-T",40270.1588710292,-1.26573805668289,0.398728352538952,0.000103591631758994,0.000864819174344283
"AFUB_016940-T",36.5250284571547,-1.48289299005341,0.472244981178854,0.000103660720787643,0.000864819174344283
"AFUB_082860-T",3000.69835959288,-1.14268905125242,0.355506041511014,0.000105207192859152,0.000874076038347253
"AFUB_019060-T",1284.52497406178,-1.09458595804244,0.33892762681386,0.000106706010378414,0.000884324955936431
"AFUB_075620-T",142.052191404207,-1.51130793443369,0.487986834030289,0.000110716089961099,0.000913019825128506
"AFUB_078920-T",56.3272674770203,-1.15004890513802,0.359846544516628,0.000113136178226756,0.000929910592277932
"AFUB_066040-T",8121.88852121545,-1.14238280071571,0.359904276772278,0.00011998579097134,0.000970265050191035
"AFUB_101280-T",403.633557129662,-1.1071261999383,0.348305335308266,0.000124407548458826,0.000997954055520154
"AFUB_097590-T",30.2153570704918,-1.88516531770528,0.626810926320496,0.000125354073903344,0.00100393659027634
"AFUB_062370-T",23.1666232493601,-1.62487385814207,0.530758724016664,0.000125881842334911,0.00100620923185261
"AFUB_037870-T",987.890230349722,-1.01768194723007,0.316910041811217,0.000126917782115868,0.00101240715670257
"AFUB_010410-T",1724.34802244194,-1.08894312623393,0.345464126435686,0.000138830129008699,0.0010952032969038
"AFUB_088640-T",2113.41121656143,-1.02054360566394,0.322246882024515,0.000142943160050379,0.00112145916077172
"AFUB_041660-T",79.9269070824082,-1.00487210431814,0.316722966972751,0.000149484282673602,0.00116750896215092
"AFUB_087380-T",48.3129932866244,-1.52923238832996,0.508869596646125,0.000150817455344597,0.00117677613557879
"AFUB_065970-T",54.4916986617773,1.16743973242722,0.375269941061326,0.000152251406749501,0.00118703883220207
"AFUB_041390-T",16084.5753405222,-1.08381926189457,0.3489701916829,0.000162152873199567,0.00125014516420771
"AFUB_029350-T",2673.86664050952,-1.08473657525562,0.351514466443232,0.000167863030458169,0.00129064865001772
"AFUB_080420-T",49.8695812555697,-1.38857675854677,0.463486120691215,0.00017092930998007,0.00131220712795905
"AFUB_021560-T",41.2204950165136,1.14757524748364,0.372477188946848,0.000175468538005533,0.00134286717968113
"AFUB_093670-T",661.769168525447,-1.05697978076924,0.341583396440011,0.000175526368881973,0.00134286717968113
"AFUB_005780-T",690.758536131963,-1.03923031211408,0.337763007170009,0.000190227175455219,0.0014350244615977
"AFUB_054280-T",407.692333999124,1.1311501780922,0.374348067097452,0.000204916733138375,0.00152854741355941
"AFUB_034170-T",57.3598622577251,-1.25990731479671,0.423587281436395,0.000209867459803699,0.00155966136732273
"AFUB_035810-T",7393.83673701754,-1.04585748367318,0.344578222238269,0.000213374723728104,0.00157519362468799
"AFUB_071790-T",111.525420678326,-1.06151711181903,0.351033832893289,0.000220725935731515,0.00162347171700172
"AFUB_090510-T",74.4958831759939,-1.36551164929351,0.470462805231046,0.000226480354144721,0.0016604345296051
"AFUB_049100-T",236.157585207295,1.20969733323858,0.408911952747691,0.000226581338889429,0.0016604345296051
"AFUB_015150-T",3047.07876641466,-1.18709998126695,0.404307208025834,0.000227454580798337,0.00166439515122587
"AFUB_000160-T",35.0631323339254,1.64182334441435,0.576030084751372,0.000233125080693166,0.00169719809474071
"AFUB_087740-T",25.1735306682202,-1.75916930081865,0.624636654409507,0.000246475552019495,0.00177629318937393
"AFUB_029210-T",3884.0096795723,-1.08608697699303,0.365942071482732,0.000249118353027779,0.00179390014613707
"AFUB_064720-T",1569.52796988341,-1.07310867677802,0.361445783745837,0.000253455817809049,0.0018200420283876
"AFUB_049570-T",126.043697070086,1.06039281827994,0.355393555721077,0.000254653305496837,0.00182732927897049
"AFUB_045350-T",79.3871521804277,1.25429137404379,0.432031232517235,0.00025687636703398,0.0018419600712838
"AFUB_079620-T",76.1938155958539,-1.15662840765277,0.39560730157395,0.000265168757050905,0.00189463076912872
"AFUB_049130-T",102.777899876096,-1.14010387673922,0.389368664176635,0.000266227549928614,0.00190083810273799
"AFUB_073830-T",3995.71212858767,1.02648293158676,0.350666209048876,0.000291238652549383,0.00204439315189578
"AFUB_075790-T",242.938211691243,-1.00559642063427,0.339854335933686,0.000293240899404943,0.00205556322126674
"AFUB_005760-T",2332.96206720226,-1.20773046507723,0.426069297018975,0.000293478223924482,0.00205578618621611
"AFUB_026030-T",61796.0603753253,-2.20321117854671,0.851528575834992,0.000321535749576318,0.00221864359395401
"AFUB_071350-T",62.6739662968709,-1.05446782831168,0.363731727418181,0.000331302706431605,0.00227611330524405
"AFUB_046730-T",82.2473207698734,-1.13710466289501,0.398165384516052,0.000335122950528994,0.002291343044526
"AFUB_101190-T",43.5394146191131,-1.19331400234613,0.422067708808962,0.000338477690182913,0.00230797023510544
"AFUB_063470-T",3294.7273320505,-1.03021033900979,0.356192398956545,0.000339110472526044,0.00231070984787331
"AFUB_026040-T",17740.5711639464,-1.79112205705079,0.679132812949049,0.000343116406757846,0.00233482545360458
"AFUB_038950-T",60.4151154745395,1.0265456106597,0.3546331817913,0.000355425777506058,0.00241038918806311
"AFUB_093960-T",1469.73351623247,-1.1057865832625,0.391064653159999,0.000369348692733033,0.00248794274303605
"AFUB_084400-T",34.2997842120511,-1.25241842193658,0.455431266517219,0.000408904305090174,0.00271262705047305
"AFUB_014550-T",1860.6896554969,-1.04052056260781,0.368645130286571,0.000411131407540121,0.00272354137061181
"AFUB_039290-T",2136.88461427705,-1.01027811684362,0.355964252867495,0.000412673916964676,0.00273014364510427
"AFUB_018850-T",2582.33938945877,-1.13068956438094,0.406555563226319,0.00042109041614526,0.0027729871183022
"AFUB_006600-T",1579.7503219749,-1.09644613505267,0.394404157020475,0.000428637640380068,0.00280789935607192
"AFUB_015670-T",3910.53653539304,-1.1131132168922,0.398973422509591,0.000430135082281995,0.00281402303993904
"AFUB_025480-T",2742.64173230559,-2.3818615745716,0.977764145842356,0.000435413099778987,0.00284297469783891
"AFUB_000480-T",56.2056910828088,1.35540460668445,0.506241679486063,0.000448567480515388,0.00291175892770631
"AFUB_028500-T",4503.32008507471,-1.02744139397741,0.367041109427777,0.000449988743818072,0.00291342226822794
"AFUB_044860-T",88.3862958583983,-1.06118522591389,0.383678745899894,0.000484820479981302,0.00308895494347322
"AFUB_042750-T",1254.12791153568,-1.08067307139192,0.395312668116633,0.000500442442046937,0.00317634882474334
"AFUB_092500-T",54.8415561309932,1.1191938891734,0.410627370913402,0.000505653056907411,0.00320129590395242
"AFUB_083330-T",2140.99722266667,-1.11520721818738,0.425509200418132,0.000608651496907627,0.00375823513800432
"AFUB_012000-T",11797.5816176063,-1.03825313452905,0.387008500434753,0.000614135607012717,0.00378508840230943
"AFUB_085100-T",35.8175258794042,-1.30645712059437,0.509028986948176,0.000624837324206457,0.00383921852213587
"AFUB_047430-T",97.7575577521448,1.23460670218055,0.477799593796345,0.000635734156643005,0.00389182911193389
"AFUB_047070-T",40.3308722128621,-1.03441914986188,0.388038964660302,0.00066760219970436,0.00403018998409337
"AFUB_091240-T",118337.006887491,-1.06798711964384,0.409460383584238,0.000712181276485484,0.00424044601707399
"AFUB_034530-T",48.3794914275783,-1.04542578405338,0.399352603880369,0.000739304311317423,0.00438107880693613
"AFUB_021000-T",3623.43448838979,-1.04180674707756,0.398496597988861,0.000770279877181017,0.00452478788800051
"AFUB_033490-T",48.6190788238524,-1.09971565890438,0.427671297382492,0.000789337118575443,0.00461469269264182
"AFUB_061840-T",966.278690607441,-1.02343851410329,0.395811715976856,0.000818213420774397,0.00475295519628705
"AFUB_071730-T",27.5060668864905,-1.3294399827223,0.545762854071802,0.00085479636542794,0.00491409657665269
"AFUB_032850-T",2605.86248032378,-1.04078825905397,0.41465889800519,0.000903724769870107,0.00512178972975109
"AFUB_071270-T",33.2673621465017,1.21447328531211,0.493159650625012,0.00093887746815159,0.00527914070484562
"AFUB_016260-T",5112.49855459983,1.07766188398885,0.431188725584859,0.000981461877418903,0.00547855087043599
"AFUB_077960-T",23.8439055673807,-1.62078194430182,0.706028769329669,0.00100654706030979,0.00559671497736453
"AFUB_095280-T",83.4126078657021,1.07152092179374,0.448098347318055,0.00127543016931621,0.00681332374337657
"AFUB_024600-T",115.565262207943,-1.42029868718412,0.64421071575827,0.00127872752375606,0.00682192609073701
"AFUB_080410-T",52.4834383105531,-1.67940758523679,0.792914086547773,0.0013276486042795,0.00700077437459561
"AFUB_053810-T",2058.19849026428,-1.00693428614028,0.42877425244181,0.001487049184974,0.00767145590371062
"AFUB_099910-T",21.1852150477577,1.28987553604299,0.581801112921983,0.00157815465675203,0.00805833641219527
"AFUB_087150-T",5.36130513536336,3.51743805631257,1.72009457918495,0.00163268189479329,0.00827341286404117
"AFUB_017230-T",67.1870355188011,-1.02846812735629,0.447813040123414,0.00169952458801383,0.00854288666025241
"AFUB_035600-T",38.6214370743263,-1.15392908112374,0.522951066980856,0.00171513512823051,0.0086126991404065
"AFUB_080440-T",61.747669507224,-1.01374339025029,0.439632876201238,0.00174054389856387,0.00870309786659989
"AFUB_029470-T",13.1113421015165,-1.49209583322492,0.706337983874562,0.00174096759282879,0.00870309786659989
"AFUB_075760-T",22.2482202004478,-1.60081006081227,0.821786196857739,0.00193580054589791,0.00946727987078686
"AFUB_077950-T",5.33136494835775,3.40467770692449,1.78382752281448,0.00193654799068146,0.00946727987078686
"AFUB_026050-T",21.0257721294978,-1.22989580844574,0.579270148477428,0.00201827660458446,0.00979564331667074
"AFUB_047450-T",56.6874102952865,1.33554730554325,0.662664648062321,0.00214661181632561,0.0103194430441286
"AFUB_045840-T",27.4521929487516,-1.05839654297512,0.492064979087703,0.00229407847693571,0.010849960758765
"AFUB_077930-T",20.6629302017619,-1.2421186401745,0.614662875388777,0.00246390522550655,0.0114438419455291
"AFUB_029790-T",30.0226321685934,1.12751757349599,0.548421867330719,0.00260524409888067,0.011954246202341
"AFUB_081820-T",5.17054082547366,-2.96352254268279,1.44348733625182,0.00262689137758737,0.0120040175651012
"AFUB_045410-T",95.2442119803261,1.10313263349352,0.548508139523932,0.00279964772881187,0.0126318792202549
"AFUB_097410-T",30.031954952978,-1.01248162253977,0.48535106515349,0.0028548927827336,0.01283718744566
"AFUB_078100-T",36.2993613529965,-1.03243784975,0.5083319286573,0.00309033820244257,0.0137026578350917
"AFUB_008770-T",7.90815605550546,-1.93007068545531,1.35037518449075,0.00428382917800976,0.0177658139583879
"AFUB_000050-T",21.2307238896832,-1.23411730605111,0.753409396548519,0.00448899621246652,0.0183955055769367
"AFUB_046930-T",19.2239105251696,1.06851559350261,0.597767485006515,0.00478448173304661,0.0193214254241685
"AFUB_034840-T",18.8170221441348,1.05778518720872,0.587965437640525,0.00482895358531278,0.0194538955754667
"AFUB_031060-T",15.0764779213133,1.21604795695268,0.742581024504284,0.00499944797612919,0.0199798154635319
"AFUB_086620-T",22.9058977939515,-1.20975209004492,0.816069242510053,0.00569725759275989,0.0221749679768004
"AFUB_045520-T",38.0082676477158,-1.03064598896167,0.622032341484795,0.00573852115951317,0.0222905983222698
"AFUB_092320-T",22.6115684135611,-1.17423541203793,0.779603852016338,0.00574426068894808,0.022295144061752
"AFUB_059060-T",22.477451362704,-1.12291038013176,0.72336231296097,0.00589613865533962,0.0226755382427383
"AFUB_097480-T",24.5145524011659,-1.00636184403437,0.60420294758664,0.00602684406643911,0.0230717647135823
"AFUB_099420-T",14.7506109466523,-1.23269000016853,0.89226014297791,0.00631191447704938,0.0240251447922089
"AFUB_044080-T",13.1514149223006,-1.35208268819025,1.10148758812744,0.00633228344352861,0.0240749035438117
"AFUB_016320-T",31.8090476923723,-1.03000565231015,0.678234836284952,0.0068554965888109,0.0256069949133217
"AFUB_035580-T",18.41636518077,-1.08111810746725,0.750082187578291,0.00716864131601098,0.0265781760874936
"AFUB_065290-T",5969.74559268541,-1.04510650040399,0.753719010284075,0.00746568075759374,0.0274454996759317
"AFUB_067650-T",5371.37375230226,-1.06055724317639,0.786465869182885,0.00761956398608455,0.0278576383599429
"AFUB_047810-T",5975.93168629804,1.08858322314076,0.776497988927893,0.00771870362466875,0.028137825203193
"AFUB_075470-T",24.2639645932678,-1.04729833203952,0.774782901193941,0.00821628761555302,0.0296171261327484
"AFUB_071540-T",21.8881795786558,-1.00425495207007,0.734900539251882,0.00894158903380515,0.0318103888182161
"AFUB_087530-T",11.9664426448877,-1.00205085862003,0.887579892477961,0.0113761367763787,0.0385747444658021
